user_id,hero_id,id,num_games,num_wins,kda_ratio
1,41,1_41,201,125,3731.707317
2,17,2_17,427,234,2922.058381
5,106,5_106,240,130,5116.6827387
6,65,6_65,206,122,4131.5538608
7,69,7_69,697,382,2474.4693058
8,39,8_39,306,167,4632.5732899
11,7,11_7,258,149,2990.0552486
12,62,12_62,367,205,3390.9952607
13,62,13_62,180,97,3423.4424498
14,32,14_32,410,237,3482.9881657
16,74,16_74,254,147,2832.3385784
17,19,17_19,210,113,3830.2712161
18,93,18_93,442,237,3699.5395242
20,15,20_15,50,21,3631.3868613
22,82,22_82,321,178,2657.6728499
23,33,23_33,167,122,4818.8034188
24,62,24_62,253,149,3419.6301565
25,41,25_41,72,43,4976.3513514
26,23,26_23,95,53,4392.5438597
27,17,27_17,165,81,3433.4883721
28,16,28_16,140,83,3646.6666667
29,10,29_10,144,87,5436.7088607
30,39,30_39,318,163,4138.4701284
32,65,32_65,51,34,3661.1295681
33,109,33_109,474,277,2569.3356048
36,7,36_7,65,36,1978.5407725
37,65,37_65,331,168,3216.2534435
38,93,38_93,137,67,3467.4887892
39,13,39_13,250,125,3396.9555035
40,73,40_73,67,41,3777.7777777
41,102,41_102,48,28,2549.4880546
42,34,42_34,420,231,3742.2758101
43,21,43_21,398,208,3684.0820313
44,19,44_19,18,12,4348.8372093
45,11,45_11,80,48,4278.8259958
47,5,47_5,187,116,3010.9704642
48,62,48_62,170,100,3406.4124783
49,8,49_8,173,102,4149.2921493
50,17,50_17,386,213,3267.073636
52,93,52_93,246,140,3889.2171344
53,91,53_91,247,130,2232.5344212
54,9,54_9,307,179,3846.0133902
55,77,55_77,211,143,4543.2242991
56,39,56_39,153,95,4048.4581498
57,93,57_93,338,184,3715.098242
58,106,58_106,385,244,4397.7768956
59,17,59_17,297,167,3362.759286
60,93,60_93,116,79,7121.5189873
61,26,61_26,143,79,1879.7935103
62,60,62_60,86,51,3586.8131868
63,34,63_34,327,168,3377.120698
65,92,65_92,424,261,3791.4712153
67,14,67_14,486,302,3180.9792361
68,75,68_75,242,120,2166.4948454
69,65,69_65,176,92,3132.5622776
70,72,70_72,169,101,2563.8673253
71,11,71_11,105,65,3716.8576104
75,74,75_74,419,207,3329.8538622
76,43,76_43,71,44,3377.7777778
78,41,78_41,132,79,3194.3699732
79,70,79_70,103,57,4079.0960452
80,74,80_74,69,43,4093.3940774
81,114,81_114,117,58,2976.8934532
82,30,82_30,231,128,2843.4065934
84,1,84_1,372,197,3449.9042757
86,8,86_8,244,150,3614.4404332
87,46,87_46,116,49,2817.2661871
88,109,88_109,260,148,3573.0050934
90,100,90_100,172,90,2654.6712803
91,111,91_111,201,110,2876.012966
92,11,92_11,410,237,3813.2279534
93,82,93_82,286,137,2365.8798283
94,51,94_51,197,117,3227.5449102
95,93,95_93,251,170,4475
96,36,96_36,39,28,3374.5583039
97,41,97_41,347,197,2933.531746
98,51,98_51,210,115,2947.5903614
99,46,99_46,633,359,3715.7201129
104,54,104_54,270,175,4922.8675136
106,34,106_34,127,70,4277.616279
108,1,108_1,139,82,4210.4208416
109,4,109_4,289,170,3224.166211
113,107,113_107,97,52,2730
114,53,114_53,175,100,3387.0151771
116,86,116_86,238,114,2260.5827378
118,9,118_9,147,84,4686.7469879
122,17,122_17,796,482,3863.9551192
126,98,126_98,295,159,3738.4716732
128,67,128_67,377,214,5539.886773
129,9,129_9,107,67,4582.9596412
130,82,130_82,146,86,2195.4187545
131,14,131_14,296,158,2346.6410749
133,66,133_66,163,106,2664.8992577
136,14,136_14,242,139,2401.0629599
137,39,137_39,303,146,3161.9452313
138,120,138_120,150,94,3285.8649789
139,91,139_91,62,36,2715.7464213
143,11,143_11,240,138,4210.8433735
144,88,144_88,22,8,2391.8918919
145,106,145_106,341,185,3682.6713226
146,16,146_16,161,83,3670.4035874
147,106,147_106,45,30,4072.1649484
148,107,148_107,187,95,3208.5385878
149,55,149_55,411,233,3498.7814785
150,114,150_114,162,95,2817.591925
151,25,151_25,75,36,2795.4545455
152,74,152_74,246,143,3946.0516028
153,11,153_11,237,114,3127.8996865
154,13,154_13,478,278,3678.8205454
155,110,155_110,113,55,3171.1026616
157,48,157_48,302,189,2682.9506595
158,11,158_11,70,49,3565.5021834
159,106,159_106,166,92,3618.5476815
160,38,160_38,159,95,2444.4444445
161,120,161_120,127,69,3053.2150776
163,21,163_21,269,138,3386.2965151
164,65,164_65,237,143,4344.7390932
166,86,166_86,93,47,2737.4045802
168,93,168_93,133,84,4647.4358974
172,93,172_93,219,122,3461.061337
174,62,174_62,185,115,3799.3366501
176,92,176_92,194,94,2844.4283647
178,92,178_92,157,122,6656.8457538
180,63,180_63,47,26,3977.9411764
181,53,181_53,169,97,3902.4676851
183,14,183_14,209,101,2307.0132418
184,64,184_64,426,242,2973.3487833
186,76,186_76,192,111,2657.5342466
187,76,187_76,68,36,3758.4415584
189,54,189_54,91,53,3916.9960475
190,31,190_31,132,83,3400
194,2,194_2,460,241,2492.8390901
196,14,196_14,308,164,2054.3909349
197,9,197_9,164,105,4143.7246964
198,9,198_9,102,63,4189.7590361
199,9,199_9,333,198,4549.1439442
200,93,200_93,319,171,4636.565507
202,21,202_21,158,81,2481.3559322
203,90,203_90,113,74,2715.4471545
204,40,204_40,364,226,2815.5570652
205,1,205_1,169,92,3597.6430977
206,14,206_14,322,171,2793.9456484
207,74,207_74,246,134,4307.3005093
208,34,208_34,283,142,2666.6666667
209,9,209_9,136,84,5016.4203612
211,67,211_67,235,129,3620.5722071
212,13,212_13,452,241,3329.288844
213,62,213_62,141,97,3588.6939571
214,63,214_63,382,233,3281.972265
216,8,216_8,296,164,3205.2896725
217,106,217_106,208,101,4801.4112903
218,107,218_107,156,78,3073.9795918
219,93,219_93,80,54,3567.0498084
220,9,220_9,361,209,3768.086198
221,84,221_84,113,80,5104.1666667
222,55,222_55,347,190,3148.9795918
223,11,223_11,253,191,3954.5798637
225,17,225_17,113,56,2495.422177
226,60,226_60,194,107,4135.4775829
228,59,228_59,129,79,2610.9289618
229,74,229_74,141,82,3373.5070576
231,62,231_62,158,99,3101.3133208
232,74,232_74,96,40,2410.6412005
233,27,233_27,29,19,2700.9345794
235,11,235_11,244,111,2890.1464714
237,9,237_9,158,93,4150.8916324
238,106,238_106,200,122,5542.7350427
239,104,239_104,119,80,3922.5092251
241,32,241_32,256,154,3219.3850964
243,71,243_71,88,55,2733.7807606
246,11,246_11,138,72,3774.4479495
247,11,247_11,286,185,3819.6538247
248,11,248_11,377,184,2691.9564454
249,69,249_69,312,176,2900.5434783
250,6,250_6,114,68,3101.7191977
254,58,254_58,325,182,3300.1193318
256,34,256_34,437,251,3650.627615
257,98,257_98,52,27,2837.1428571
258,11,258_11,249,129,3611.2173359
259,27,259_27,67,34,2323.9929948
260,113,260_113,259,137,4026.3361735
261,78,261_78,129,87,3958.8414635
262,93,262_93,306,162,5179.1290058
263,104,263_104,69,34,1982.4840764
264,103,264_103,87,49,2992.4012158
267,106,267_106,21,17,6020.6185566
270,34,270_34,264,160,3630.4728547
273,21,273_21,142,76,3651.4619883
274,76,274_76,64,44,3768.5185185
276,4,276_4,464,267,3414.7627417
277,41,277_41,80,37,2606.3651591
278,14,278_14,261,136,2868.2926829
279,35,279_35,78,48,3693.4460888
280,1,280_1,271,155,4133.4445371
281,67,281_67,132,90,5245.8100559
282,34,282_34,143,67,2396.5635739
285,13,285_13,91,40,4737.5565611
288,66,288_66,292,152,2224.9255213
289,11,289_11,131,74,3818.1818182
290,11,290_11,39,23,3819.6078431
291,1,291_1,99,46,3027.1966527
292,8,292_8,186,98,3113.4686347
295,11,295_11,260,169,3750.4761905
296,41,296_41,57,34,4269.7368421
297,42,297_42,153,92,4135.9084406
298,56,298_56,51,24,3775.862069
299,34,299_34,104,60,3920.754717
300,11,300_11,44,29,4823.1046931
301,48,301_48,94,62,4738.2550336
302,114,302_114,25,14,4247.8632479
303,41,303_41,432,235,2969.0215338
304,81,304_81,30,17,3867.1328671
305,53,305_53,156,90,3174.1154563
306,9,306_9,129,79,4399.3344426
307,68,307_68,263,142,2613.8095238
309,42,309_42,175,91,4779.4299876
310,74,310_74,377,210,3370.4496788
312,66,312_66,127,69,2214.2857143
314,46,314_46,266,163,3604.4776119
315,62,315_62,233,134,2983.3333333
317,114,317_114,27,18,3248.8262911
318,4,318_4,194,112,4549.1723466
320,74,320_74,108,58,4378.2287823
323,80,323_80,289,148,3315.7076205
324,63,324_63,64,40,4081.25
326,14,326_14,163,90,2668.4931507
327,102,327_102,159,101,4143.7198068
328,95,328_95,13,8,3087.9120879
329,19,329_19,96,70,4424.954792
332,17,332_17,65,42,3849.3449781
333,87,333_87,33,23,3270.0421941
335,11,335_11,336,169,2887.4172185
336,4,336_4,383,224,3980.9523809
337,106,337_106,77,49,4953.8784067
338,88,338_88,252,138,3641.3743736
340,62,340_62,204,124,3063.8474295
341,82,341_82,373,234,2874.4785742
343,54,343_54,132,60,4439.1752578
344,10,344_10,143,77,4074.4047619
345,11,345_11,211,104,2739.5209581
346,4,346_4,319,202,4333.7453646
348,22,348_22,182,121,4249.2401216
349,31,349_31,55,27,2385.0129199
352,77,352_77,99,75,5094.8509485
354,69,354_69,89,51,2662.4803768
358,74,358_74,273,139,3412.5068568
359,80,359_80,204,110,3084.6968239
361,10,361_10,212,128,3639.0577508
362,75,362_75,129,61,2403.2059186
364,21,364_21,381,184,2406.2602965
365,64,365_64,280,168,2028.1318681
367,52,367_52,173,112,3967.1564391
368,16,368_16,17,9,2782.6086957
370,51,370_51,262,144,3022.4719101
371,39,371_39,205,104,3293.9929329
372,11,372_11,105,58,2945.945946
373,87,373_87,8,6,4236.8421053
375,41,375_41,273,168,4762.2047244
376,8,376_8,116,60,3541.4110429
377,34,377_34,191,114,3769.8412699
378,78,378_78,411,248,3129.9435028
380,10,380_10,179,98,4466.314399
381,107,381_107,194,94,3157.7424023
382,21,382_21,547,282,2445.2804377
383,107,383_107,365,207,3563.0287648
384,34,384_34,59,17,2821.5223097
385,2,385_2,56,42,3079.8122066
386,93,386_93,277,141,4343.679031
388,1,388_1,116,68,4847.5452196
389,17,389_17,388,231,3528.525641
390,76,390_76,195,100,3745.6310679
394,53,394_53,107,57,2482.9931973
395,62,395_62,184,103,2551.5895148
396,76,396_76,293,159,3877.0604395
400,86,400_86,40,21,2048.6322188
402,81,402_81,70,37,3267.5324675
403,96,403_96,206,128,2896.5517241
404,11,404_11,118,61,2768.3397683
405,104,405_104,199,121,2313.3971292
406,93,406_93,467,208,3130.859375
408,16,408_16,192,96,2588.8137677
409,7,409_7,437,227,2601.0191847
410,70,410_70,31,23,3648.6486486
413,51,413_51,117,59,3456.1170213
414,88,414_88,120,56,2768.2926829
415,111,415_111,383,209,2976.5745008
416,74,416_74,107,59,5187.5
418,44,418_44,170,101,3919.5630586
419,4,419_4,97,53,3301.3910355
420,8,420_8,83,48,3218.4210526
421,17,421_17,69,41,3416.4904862
424,13,424_13,38,21,2482.0846906
427,67,427_67,151,76,4180.4180418
428,41,428_41,140,91,4166.212534
429,27,429_27,152,93,1814.0635565
432,93,432_93,206,122,4408.016444
433,68,433_68,92,46,2229.0748899
434,48,434_48,152,92,3249.1582491
437,98,437_98,224,125,2902.8711057
439,34,439_34,230,143,3073.5021618
441,11,441_11,207,120,3501.5197568
442,34,442_34,120,58,4134.2710997
443,106,443_106,162,91,5904.4585987
444,21,444_21,189,94,3158.1027668
446,14,446_14,57,30,2426.8774703
450,106,450_106,110,48,3573.0918499
451,17,451_17,93,57,3940.2985075
452,21,452_21,265,190,5326.8518519
455,11,455_11,272,201,3903.4749035
456,26,456_26,79,49,2728.0858676
457,1,457_1,115,57,3273.2919255
458,41,458_41,67,41,2578.021978
459,62,459_62,281,154,2306.2714777
460,46,460_46,424,205,3252.3672293
462,1,462_1,366,212,3735.7954546
466,109,466_109,88,53,3557.9196218
467,31,467_31,164,85,2776.0942761
468,9,468_9,168,88,3379.5620438
469,93,469_93,335,180,3774.1330834
470,23,470_23,28,13,2399.2673993
473,74,473_74,544,272,3697.6027397
474,76,474_76,208,118,3340.4743688
476,88,476_88,151,81,3051.2820513
477,33,477_33,109,57,3331.838565
478,71,478_71,191,115,2313.5412217
479,44,479_44,248,149,4594.3637916
481,56,481_56,135,92,5136.2763915
482,8,482_8,182,100,3974.301676
483,54,483_54,74,44,4404.9079755
484,34,484_34,88,46,4171.5481172
487,7,487_7,141,94,3085.3548967
488,19,488_19,229,122,3335.3909465
490,74,490_74,107,37,1961.3196815
491,113,491_113,355,182,3050.1721594
492,41,492_41,167,93,3218.9638319
498,11,498_11,82,44,3513.9372822
499,36,499_36,89,50,3305.7553957
500,46,500_46,182,109,5172.9428172
503,25,503_25,64,37,3667.5900277
504,93,504_93,31,16,3683.9378238
505,50,505_50,107,50,1708.1545064
506,105,506_105,110,57,1942.6900585
509,14,509_14,110,54,2228.959276
510,25,510_25,436,230,2921.901528
512,17,512_17,247,150,3995.890411
513,23,513_23,115,54,2593.0635838
514,16,514_16,58,36,3905.775076
515,28,515_28,199,118,2853.6759458
516,53,516_53,96,40,2328.358209
517,44,517_44,275,136,3256.8493151
518,9,518_9,76,39,2864.1732284
519,93,519_93,255,154,4264.0492686
520,27,520_27,8,4,1862.5
522,74,522_74,258,131,2575.0577367
524,11,524_11,361,177,3438.6770786
526,58,526_58,239,139,3315.969257
529,9,529_9,194,115,3732.2761194
530,34,530_34,294,155,3305.8058058
531,14,531_14,94,46,1998.9711934
534,95,534_95,174,108,3828.3963228
535,82,535_82,91,63,3066.759388
537,17,537_17,97,54,3706.7082683
538,55,538_55,210,114,2493.1113663
540,58,540_58,24,14,2941.1764706
541,93,541_93,227,122,3720.6225681
543,96,543_96,252,148,2824.055666
544,17,544_17,262,161,3901.323043
545,22,545_22,29,12,4161.9047619
546,9,546_9,127,71,4620.1923077
547,62,547_62,162,101,2697.1580817
548,41,548_41,162,94,5217.3913044
550,46,550_46,244,137,3223.0652504
551,8,551_8,348,191,3705.7803468
552,74,552_74,79,35,4246.8193384
554,1,554_1,201,100,2322.4455611
556,114,556_114,28,12,2545.9770115
557,74,557_74,395,204,2891.695611
558,46,558_46,395,229,4273.8292011
559,1,559_1,339,186,3546.7224546
562,61,562_61,67,24,2153.8461539
563,14,563_14,148,77,2284.7328244
564,93,564_93,219,109,3646.7741936
565,18,565_18,133,77,3329.9492386
567,8,567_8,141,74,3404.4630404
568,93,568_93,308,160,4579.8069784
569,8,569_8,200,104,3194.4692239
570,1,570_1,354,204,2799.5348837
571,86,571_86,460,244,2132.3687031
572,11,572_11,207,102,3524.8359887
573,62,573_62,90,49,3527.2331155
574,74,574_74,414,171,2524.4854507
575,106,575_106,129,72,3753.7634409
576,41,576_41,254,144,4358.7786259
577,62,577_62,458,265,3309.0076336
578,48,578_48,63,35,3010.7526882
580,98,580_98,34,16,2571.4285714
581,70,581_70,97,66,5197.0338984
582,82,582_82,248,122,2217.8010471
583,17,583_17,426,254,3869.8813624
584,32,584_32,296,178,4119.1037736
585,6,585_6,353,205,2533.6602764
587,5,587_5,241,128,2763.4474328
589,74,589_74,225,133,4197.5213013
590,11,590_11,352,194,3003.3869602
591,25,591_25,161,79,2885.4166667
592,33,592_33,237,134,2945.335277
594,17,594_17,162,90,3569.6539485
596,39,596_39,119,65,3847.9532163
597,34,597_34,39,27,4139.1304348
598,41,598_41,276,175,3339.0229547
599,92,599_92,172,99,2835.6164383
600,98,600_98,142,92,3949.8207885
601,108,601_108,62,36,2670.5069124
602,107,602_107,80,37,2544.4646098
603,98,603_98,123,73,3075.5176614
604,50,604_50,89,45,2107.9365079
605,93,605_93,169,93,4057.6713819
606,34,606_34,417,236,2886.6522143
607,17,607_17,118,67,4600.8146639
608,48,608_48,94,57,4691.4153132
609,32,609_32,286,178,3377.3584906
610,22,610_22,154,79,3670.9090909
611,104,611_104,79,32,1923.7012987
614,16,614_16,195,114,3976.4918626
615,8,615_8,249,154,4900.6323397
617,22,617_22,344,170,4192.9995138
618,74,618_74,287,119,2951.7141477
619,35,619_35,39,24,3470.5882353
620,39,620_39,124,56,5184.91921
622,21,622_21,162,77,2452.7452745
623,41,623_41,43,22,3173.0769231
624,86,624_86,179,89,1964.2058166
625,63,625_63,92,58,4384.305835
627,64,627_64,117,66,3944.2815249
628,38,628_38,68,41,2095.703125
629,14,629_14,231,113,1972.3865878
631,74,631_74,231,116,3780.2971071
632,111,632_111,275,142,2182.1801891
635,8,635_8,155,70,3099.1285403
636,14,636_14,358,195,2188.1541996
637,64,637_64,121,69,3026.3504611
640,101,640_101,154,82,2676.0070052
641,74,641_74,158,80,2697.6950355
642,86,642_86,316,142,2046.4088398
643,93,643_93,262,157,4090.9090909
644,43,644_43,87,34,2353.028065
646,54,646_54,266,157,4960.5488851
648,85,648_85,106,67,3325.3150057
649,25,649_25,326,166,2494.6401225
650,83,650_83,131,89,3225.308642
651,3,651_3,22,10,3262.7737226
652,30,652_30,212,107,2335.2534562
653,84,653_84,127,76,1981.595092
656,17,656_17,24,17,4493.3333333
658,26,658_26,112,54,2705.1282051
659,13,659_13,144,83,3095.9780622
660,55,660_55,45,27,3344.1558442
661,76,661_76,119,63,3104.7345768
662,90,662_90,101,75,3312.8712871
663,22,663_22,231,139,3683.9879154
664,8,664_8,29,17,3275.3623188
665,96,665_96,190,107,2696.2899051
666,58,666_58,267,144,3119.4921583
667,61,667_61,236,117,2332.8700487
668,4,668_4,10,6,3183.0985915
672,69,672_69,88,51,3032.8947369
673,7,673_7,120,63,2769.0531178
674,51,674_51,249,137,2604.845815
675,41,675_41,26,15,4043.1654676
679,16,679_16,136,64,2331.7445186
681,101,681_101,404,233,2505.4886211
682,9,682_9,116,60,2286.537077
683,1,683_1,57,34,3387.4538745
684,64,684_64,139,78,3768.2926829
685,13,685_13,164,81,3147.4654378
686,98,686_98,92,49,3663.6851521
688,2,688_2,100,60,2657.6576577
690,63,690_63,308,162,3356.7351598
692,9,692_9,145,85,2849.4516451
694,98,694_98,392,196,2031.075028
695,8,695_8,239,126,3096.3194988
697,38,697_38,407,209,3093.2601881
698,51,698_51,320,174,3498.7328941
699,39,699_39,263,136,4835.3127474
700,53,700_53,243,118,3572.9244577
701,86,701_86,60,20,2105.3677932
702,1,702_1,77,39,3615.6462585
703,1,703_1,253,174,3989.3410853
704,39,704_39,273,154,4370.2551338
705,13,705_13,102,56,3193.1506849
706,18,706_18,301,161,3775.4846779
707,14,707_14,82,43,2881.2056738
710,8,710_8,90,50,4350.877193
712,35,712_35,329,189,4027.9755849
713,25,713_25,339,173,3468.9826303
714,14,714_14,160,83,2868.3565004
715,9,715_9,92,50,4937.5
717,1,717_1,40,28,3870.5882353
719,21,719_21,328,154,2647.804878
720,93,720_93,151,85,3764.2857143
721,36,721_36,163,99,3676.3236763
722,39,722_39,285,141,3398.4710941
723,47,723_47,49,30,3228.3236994
724,73,724_73,500,253,2419.5459033
725,13,725_13,64,33,3216.4009112
727,26,727_26,120,70,2900.5988024
730,56,730_56,30,14,3511.3636363
731,1,731_1,205,119,3752.5150905
732,30,732_30,74,41,2106.0070671
733,39,733_39,35,27,5126.5822785
735,47,735_47,68,31,3325.0620348
738,5,738_5,85,47,2442.0485175
739,105,739_105,83,65,2179.5275591
740,106,740_106,93,57,4826.007326
741,85,741_85,303,175,4025.7214555
742,78,742_78,391,217,3982.641829
743,21,743_21,346,170,2453.6545529
745,3,745_3,51,31,2445.3551913
746,101,746_101,48,30,2844.0366973
747,95,747_95,557,308,2851.0236221
748,83,748_83,176,107,3617.1875
750,86,750_86,247,141,2569.8324022
751,32,751_32,556,344,4420.8588957
752,1,752_1,285,167,3821.8243819
753,62,753_62,369,201,2171.1014852
756,46,756_46,431,254,3915.9702878
758,93,758_93,208,114,4297.6190476
759,93,759_93,556,304,3923.8980716
760,93,760_93,171,78,3147.0878578
763,100,763_100,225,182,3831.1048557
764,97,764_97,178,82,2509.4202898
765,71,765_71,258,141,2590.4988123
767,75,767_75,20,19,5028.3018868
768,21,768_21,59,29,2983.8709677
769,63,769_63,88,45,3527.6292335
770,14,770_14,447,263,3130.4913765
773,74,773_74,334,153,3412.1242995
774,114,774_114,261,122,2265.7677251
775,106,775_106,52,33,5013.2275132
776,17,776_17,33,12,2838.8625593
777,5,777_5,500,271,1962.5886906
778,1,778_1,223,123,3891.7456022
783,92,783_92,109,65,3111.4285714
784,62,784_62,164,94,3783.4146341
785,41,785_41,740,382,2609.2248558
786,86,786_86,308,173,2324.3828497
787,93,787_93,96,51,3322.0035778
788,73,788_73,131,87,3810.6060606
789,29,789_29,137,75,3846.6579292
790,55,790_55,209,127,2740.1574803
791,88,791_88,317,162,3206.5852363
792,39,792_39,461,233,4127.2871917
793,9,793_9,350,191,2837.4528697
794,110,794_110,190,111,2688.4593519
795,74,795_74,482,253,3870.7070707
796,14,796_14,93,50,2466.0074166
797,41,797_41,217,122,2831.1582382
798,4,798_4,133,73,3253.7473233
799,50,799_50,51,31,2468.6192469
800,44,800_44,29,18,5742.1874999
801,55,801_55,248,141,2802.4760833
804,21,804_21,259,134,3685.5702584
807,106,807_106,114,61,4161.237785
808,34,808_34,425,228,3056.851312
809,105,809_105,76,43,1618.0203046
810,4,810_4,126,90,3970
813,39,813_39,99,51,3673.1391586
814,10,814_10,102,77,6145.9459459
816,98,816_98,497,246,2168.069138
817,101,817_101,117,69,3734.6368715
818,21,818_21,89,38,2806.6298343
819,7,819_7,72,48,3742.9805615
821,17,821_17,17,5,2192.5925926
822,57,822_57,111,68,2944.9541284
823,40,823_40,166,96,3033.6538461
824,8,824_8,190,100,3410.0268577
825,74,825_74,236,114,3215.1589242
826,50,826_50,399,238,2230.0469484
827,86,827_86,177,83,1827.174531
828,22,828_22,53,30,5400
829,1,829_1,152,85,4008.6330935
831,1,831_1,331,187,3746.3818057
832,39,832_39,184,100,3934.1317365
833,41,833_41,54,29,3637.037037
835,13,835_13,321,191,6053.125
838,34,838_34,61,37,3877.0491803
840,53,840_53,381,189,2785.3835979
842,90,842_90,111,58,2697.5609756
843,34,843_34,288,168,3895.2112676
845,11,845_11,172,109,4261.374637
846,110,846_110,31,15,3101.8518518
847,57,847_57,24,15,3384.6153846
848,44,848_44,316,174,4968.1717246
851,11,851_11,197,98,2504.6235139
852,1,852_1,340,181,2797.752809
853,87,853_87,11,4,2235.9550562
855,25,855_25,330,171,2813.172043
856,42,856_42,177,102,4141.8143899
857,93,857_93,230,127,3706.1611374
858,69,858_69,48,31,3400.7220217
859,34,859_34,20,14,3898.1481481
860,3,860_3,211,103,2497.4874372
861,1,861_1,96,56,3392.6553672
862,120,862_120,259,142,3420.7317073
863,9,863_9,563,311,2731.3218391
865,3,865_3,540,296,1960.7758621
866,10,866_10,53,22,4052.1327014
867,84,867_84,123,72,2175.7129715
868,1,868_1,118,67,3918.4149185
869,69,869_69,152,90,3035.8695652
870,26,870_26,76,38,2891.7197452
871,13,871_13,361,165,3186.1394936
873,1,873_1,64,36,4508.8495575
874,93,874_93,98,50,3099.8531571
876,98,876_98,41,24,3259.3984962
879,64,879_64,86,51,2292.1052632
880,11,880_11,5,2,3633.3333333
881,26,881_26,62,36,2384.3212237
882,90,882_90,24,14,1873.5632184
883,64,883_64,84,34,2414.244186
885,50,885_50,5,2,1316.6666667
886,40,886_40,55,32,2404.1353384
887,27,887_27,218,121,2345.7943925
888,8,888_8,117,63,3523.7191651
890,76,890_76,105,56,3251.6666666
894,86,894_86,18,11,2539.4736842
896,17,896_17,173,84,2984.870317
898,104,898_104,214,105,2742.3469388
900,11,900_11,194,102,2926.7912773
901,11,901_11,231,97,2458.488228
902,53,902_53,50,28,2358.1661891
903,46,903_46,36,22,6214.2857143
904,11,904_11,61,37,4232.4929972
905,82,905_82,181,103,2133.3771353
906,11,906_11,144,66,2598.3302412
907,35,907_35,924,505,3775.6909993
909,46,909_46,216,137,4163.9344262
911,21,911_21,246,124,2971.7378232
912,11,912_11,156,74,2128.5347044
914,71,914_71,248,136,3234.3658679
915,8,915_8,88,56,4094.017094
919,53,919_53,425,229,3217.4085851
920,47,920_47,49,31,3417.1974522
921,11,921_11,54,31,2820.8232445
923,41,923_41,180,108,4126.8980477
924,90,924_90,137,75,3020.9359606
927,71,927_71,102,67,3663.3663366
928,93,928_93,61,36,4794.6768061
929,106,929_106,161,82,4872.4373576
930,1,930_1,202,113,3562.0280475
933,88,933_88,95,56,2741.130092
935,17,935_17,294,158,2995.3070004
936,99,936_99,49,41,6157.360406
937,72,937_72,20,10,4962.0253165
938,5,938_5,103,63,3058.5175553
939,107,939_107,120,79,4959.3345656
940,9,940_9,56,25,3212.4352331
941,48,941_48,118,76,3734.0876945
943,97,943_97,81,46,3127.6595744
944,22,944_22,302,182,5121.2856276
945,11,945_11,47,28,3039.3700787
947,61,947_61,41,23,3403.3149172
948,25,948_25,189,103,2875.2851711
949,74,949_74,330,165,3200.8492569
950,120,950_120,197,121,4047.9323308
951,104,951_104,257,131,2544.534413
953,8,953_8,85,51,4060.6860158
954,74,954_74,190,93,3126.0932945
956,76,956_76,123,81,3231.6455696
957,18,957_18,270,154,3194.0203562
959,69,959_69,280,173,3477.4381369
960,32,960_32,185,103,3020.6584893
963,8,963_8,152,96,4773.2919254
964,9,964_9,211,98,2910.0691775
967,2,967_2,241,133,2551.2077295
968,17,968_17,99,54,3685.6702619
970,114,970_114,24,16,4791.3043478
971,9,971_9,635,331,3623.0023578
972,27,972_27,313,152,1856.2091503
973,93,973_93,120,63,3238.7332521
974,83,974_83,396,254,3603.1894935
975,11,975_11,308,175,2765.6521739
976,78,976_78,122,70,2949.2455418
977,11,977_11,184,103,3818.97302
978,88,978_88,57,30,3831.7757009
979,109,979_109,298,181,2335.9050445
980,104,980_104,138,73,3579.3871866
981,106,981_106,21,15,6340.4255319
982,17,982_17,114,50,3411.9019837
983,17,983_17,328,171,3328.755722
984,63,984_63,30,18,4076.5027322
986,110,986_110,76,45,3347.1223021
987,18,987_18,111,70,4840.9090909
988,69,988_69,66,37,2753.0612245
989,14,989_14,186,112,2525.1520177
990,11,990_11,112,56,3266.7525773
991,32,991_32,416,214,2804.0082523
992,56,992_56,230,146,3339.2592593
993,86,993_86,185,80,2134.7381864
994,93,994_93,295,182,3549.870801
995,93,995_93,40,26,4165.8291457
997,110,997_110,140,78,2807.2727273
998,97,998_97,255,144,3824.61786
999,35,999_35,117,76,3155.6039173
1000,87,1000_87,57,31,2792.4050633
1001,13,1001_13,49,25,3506.060606
1002,2,1002_2,199,116,1894.7368421
1003,107,1003_107,185,113,3239.3092105
1004,74,1004_74,146,72,3086.4745011
1005,8,1005_8,122,63,3530.5832148
1006,13,1006_13,18,11,4670
1007,34,1007_34,257,126,4204.8192771
1009,108,1009_108,62,33,2956.3862929
1010,106,1010_106,254,151,4647.9452055
1011,97,1011_97,194,100,3170.4545455
1012,71,1012_71,230,148,4020.214782
1013,11,1013_11,68,35,3167.9389313
1014,7,1014_7,11,6,1443.4782609
1015,18,1015_18,55,22,2586.9565218
1016,11,1016_11,318,180,3181.7721519
1019,5,1019_5,261,155,2312.3772102
1020,1,1020_1,77,51,4513.2075471
1021,106,1021_106,18,14,8850.0000001
1022,119,1022_119,30,19,3386.2660944
1024,69,1024_69,114,64,3017.6767677
1025,101,1025_101,352,192,2959.8674521
1026,9,1026_9,412,221,3524.9798549
1027,75,1027_75,248,144,3017.9282868
1028,63,1028_63,102,54,3611.4864865
1029,27,1029_27,167,101,1676.9940672
1032,2,1032_2,57,34,2799.5444191
1035,39,1035_39,29,24,8294.1176471
1036,2,1036_2,124,69,2495.3531599
1039,14,1039_14,247,142,2389.9422918
1041,106,1041_106,170,100,4010.8401084
1043,44,1043_44,29,16,3642.384106
1044,74,1044_74,156,67,2839.2675483
1046,83,1046_83,91,57,3011.589404
1047,7,1047_7,241,139,3054.2784164
1048,2,1048_2,231,121,3727.9411765
1049,11,1049_11,64,38,3537.1900826
1051,6,1051_6,154,91,2627.8772379
1052,32,1052_32,332,192,4557.1587125
1053,105,1053_105,114,64,1474.4429882
1054,10,1054_10,282,157,4812.0539254
1055,119,1055_119,106,71,2895.9731543
1056,11,1056_11,262,148,3341.449917
1057,106,1057_106,134,68,3330.6264501
1058,56,1058_56,400,204,2859.9846978
1060,13,1060_13,26,11,4097.0149253
1061,74,1061_74,111,43,2588.8157895
1062,48,1062_48,31,20,3409.3959732
1063,98,1063_98,129,71,2872.8323699
1064,113,1064_113,107,68,3650.8172362
1065,63,1065_63,57,36,4742.6470588
1068,27,1068_27,66,37,1941.267388
1069,7,1069_7,31,18,3116.4021164
1070,8,1070_8,279,150,3871.9178082
1071,90,1071_90,411,211,2090.6885047
1073,97,1073_97,76,36,2671.6141002
1074,11,1074_11,70,40,3864.3326039
1075,95,1075_95,125,75,3458.5091421
1078,9,1078_9,14,6,3833.3333333
1079,23,1079_23,248,127,3004.7343503
1081,5,1081_5,113,71,2404.1394336
1083,63,1083_63,154,81,4907.6723017
1084,59,1084_59,274,170,2541.0599883
1087,93,1087_93,90,49,3385.85209
1089,84,1089_84,194,110,2172.9411765
1090,9,1090_9,284,152,2954.4600939
1091,69,1091_69,379,189,3429.9197734
1093,8,1093_8,90,42,3242.4778761
1096,13,1096_13,183,83,2627.6816609
1097,14,1097_14,112,59,2603.0612245
1098,9,1098_9,260,133,4179.2086889
1099,2,1099_2,244,115,2402.0805066
1100,40,1100_40,195,115,3843.9306358
1101,2,1101_2,305,148,2406.185567
1102,106,1102_106,127,70,4122.7436823
1103,8,1103_8,125,64,4536.8043088
1104,53,1104_53,245,147,3148.5442662
1105,74,1105_74,339,169,2740.78478
1107,8,1107_8,146,61,2293.6210131
1108,74,1108_74,101,54,3826.9794722
1109,2,1109_2,185,98,2738.8441843
1111,108,1111_108,19,13,5157.8947369
1118,34,1118_34,314,162,3223.9932886
1121,9,1121_9,102,47,4319.9233717
1122,88,1122_88,169,88,2527.3799494
1123,86,1123_86,203,105,2436.4604125
1125,7,1125_7,255,131,2709.5625636
1128,17,1128_17,297,167,3670.3629032
1129,20,1129_20,168,102,2378.4592371
1130,39,1130_39,156,79,3658.7982832
1132,87,1132_87,510,274,2713.1454228
1134,92,1134_92,146,86,3487.9629629
1135,48,1135_48,128,86,4175
1136,78,1136_78,135,72,2432.8180737
1137,63,1137_63,70,48,4577.7202072
1138,63,1138_63,126,78,3763.2978723
1139,72,1139_72,232,137,3633.2155477
1142,27,1142_27,424,222,1845.1519537
1144,80,1144_80,341,177,1925.0367467
1145,17,1145_17,65,55,6159.4684385
1146,87,1146_87,130,61,2731.6017316
1148,1,1148_1,144,70,3387.4269006
1149,57,1149_57,67,38,3256.1728395
1150,93,1150_93,57,36,3274.6987952
1151,14,1151_14,163,85,2492.6568758
1152,13,1152_13,46,21,3020.2531646
1153,13,1153_13,80,44,4339.5061728
1154,53,1154_53,183,108,3450.4170528
1156,23,1156_23,11,6,2623.1884058
1158,1,1158_1,346,181,3257.7696526
1159,26,1159_26,225,105,1858.1526861
1161,74,1161_74,45,20,3079.8611111
1164,21,1164_21,107,56,3329.749104
1165,11,1165_11,126,73,3322.0858896
1166,74,1166_74,76,42,4004.842615
1167,102,1167_102,41,27,3964.2857143
1169,51,1169_51,170,93,2339.4225103
1170,41,1170_41,46,34,4354.2600897
1171,8,1171_8,210,111,2466.7562122
1173,119,1173_119,84,55,3462.7766599
1174,32,1174_32,256,143,3217.1970966
1176,62,1176_62,168,94,3301.7699115
1177,33,1177_33,11,6,2017.6991151
1179,14,1179_14,84,42,1969.6969697
1180,74,1180_74,188,91,3408.3044983
1182,88,1182_88,55,33,3016.6666667
1183,39,1183_39,80,41,3570.0934579
1186,39,1186_39,41,14,2719.858156
1188,23,1188_23,197,97,3386.8954758
1189,31,1189_31,230,157,2789.8832685
1190,11,1190_11,13,8,3525
1191,87,1191_87,93,56,2502.4213075
1192,68,1192_68,190,115,3761.9961612
1193,41,1193_41,360,193,3723.7219989
1194,21,1194_21,151,79,1879.6128252
1195,25,1195_25,137,78,2782.5203252
1196,74,1196_74,126,67,4348.1276006
1198,51,1198_51,176,93,3272.8013029
1199,55,1199_55,120,72,4838.6491557
1201,22,1201_22,656,400,5304.8423789
1202,1,1202_1,40,24,3784.3137255
1203,34,1203_34,195,121,4710.0103199
1204,91,1204_91,33,17,3572.7272727
1205,71,1205_71,427,228,3441.9210722
1207,64,1207_64,199,118,2079.3269231
1208,36,1208_36,106,68,3829.4478528
1209,97,1209_97,231,127,3650.455927
1210,11,1210_11,126,52,2386.3060017
1213,25,1213_25,53,35,6236.7149758
1214,93,1214_93,139,66,3463.0715123
1215,7,1215_7,65,37,2584.6774193
1218,53,1218_53,90,48,2137.279597
1219,93,1219_93,217,126,3526.0377359
1220,17,1220_17,487,278,3732.7272727
1221,40,1221_40,28,18,2668.1222707
1224,25,1224_25,64,43,2892.1568627
1225,93,1225_93,128,70,2928.6403086
1226,14,1226_14,49,24,2215.4195011
1227,39,1227_39,330,154,3289.2386219
1229,36,1229_36,96,68,4517.7065768
1230,76,1230_76,267,147,3650.5235602
1231,80,1231_80,155,84,2887.7146632
1232,39,1232_39,52,28,5108.1081081
1233,34,1233_34,73,45,3130.8900524
1235,11,1235_11,72,41,2966.0107334
1236,53,1236_53,330,170,2311.7600631
1237,75,1237_75,127,72,2653.8969617
1238,95,1238_95,38,20,3678.3625731
1239,12,1239_12,176,99,3576.3612218
1243,21,1243_21,253,128,3323.2944069
1244,13,1244_13,482,231,3583.9392981
1246,10,1246_10,390,217,3790.2249135
1247,86,1247_86,129,53,2365.3444676
1248,74,1248_74,197,90,2485.5413584
1249,39,1249_39,301,154,3705.5335968
1250,69,1250_69,197,108,2447.7485132
1251,29,1251_29,127,73,2615.4806492
1252,69,1252_69,126,82,4146.3844797
1254,38,1254_38,51,26,1824.3902439
1255,39,1255_39,151,85,2832.9113924
1256,34,1256_34,123,69,3556.2422744
1257,106,1257_106,269,146,3934.5396488
1258,62,1258_62,61,27,2959.2668024
1259,13,1259_13,76,40,3112.0689655
1260,56,1260_56,76,54,5127.5167785
1261,14,1261_14,305,174,3050.6379585
1262,36,1262_36,289,175,3861.1279564
1263,42,1263_42,235,143,4228.3901666
1265,14,1265_14,475,271,3043.281471
1266,41,1266_41,211,119,3237.5201288
1267,74,1267_74,200,85,2782.1350763
1268,8,1268_8,819,441,2597.7988028
1269,88,1269_88,479,231,3115.5211358
1270,3,1270_3,213,113,2358.7265492
1272,44,1272_44,156,71,2521.3946117
1273,20,1273_20,298,156,2786.779324
1274,105,1274_105,228,112,1286.9682647
1275,7,1275_7,138,83,2714.4075021
1277,10,1277_10,58,36,4218.3908046
1278,1,1278_1,31,15,2883.5616438
1279,14,1279_14,172,108,2880.7588076
1281,70,1281_70,89,48,4432.5
1282,86,1282_86,123,56,2143.4735706
1283,8,1283_8,312,188,3691.3432836
1285,11,1285_11,94,44,2931.7507418
1286,34,1286_34,125,66,3640
1289,1,1289_1,448,269,3402.6946108
1291,44,1291_44,137,74,4155.3398058
1292,19,1292_19,460,233,2946.7939973
1294,13,1294_13,343,193,3960.6368863
1295,8,1295_8,64,39,4515.037594
1296,17,1296_17,194,107,3181.8181818
1297,9,1297_9,256,132,3624.4458518
1299,106,1299_106,146,82,4456.7627494
1301,97,1301_97,298,156,3370.0648203
1303,90,1303_90,341,181,2842.9342934
1305,97,1305_97,92,55,2967.7938808
1307,66,1307_66,144,88,2961.1901681
1308,17,1308_17,191,110,3493.1506849
1309,9,1309_9,147,82,3353.0042919
1311,63,1311_63,185,94,3016.2842339
1313,9,1313_9,271,143,3420.2702702
1314,70,1314_70,165,107,3411.3744076
1315,21,1315_21,53,31,4969.2982456
1316,31,1316_31,280,151,2858.1436077
1317,76,1317_76,256,135,3295.8115183
1318,64,1318_64,332,168,2396.3056255
1319,79,1319_79,86,49,2652.4926686
1320,8,1320_8,3,1,2708.3333333
1321,93,1321_93,205,126,3459.1611479
1322,20,1322_20,125,69,2143.5406699
1323,105,1323_105,33,24,3823.5294118
1325,18,1325_18,115,64,3606.2091503
1326,85,1326_85,518,356,3932.5813894
1327,1,1327_1,289,149,3300.8784773
1328,14,1328_14,110,56,2600.4250797
1330,73,1330_73,108,64,2964.3347051
1332,31,1332_31,240,143,3620.9977662
1333,18,1333_18,193,102,3357.5705731
1334,62,1334_62,19,9,3175.1824817
1336,26,1336_26,127,71,2110.1485149
1337,102,1337_102,120,70,3448.3362522
1339,27,1339_27,243,125,1868.3325324
1341,74,1341_74,194,97,5008.3432659
1342,91,1342_91,179,101,2651.240778
1343,21,1343_21,139,67,3597.3397823
1344,74,1344_74,174,95,3283.348666
1346,34,1346_34,124,63,3269.3602693
1348,30,1348_30,161,83,2316.5919283
1349,93,1349_93,98,54,4577.4058578
1351,7,1351_7,201,107,2142.199194
1353,1,1353_1,165,73,4127.1028038
1354,101,1354_101,145,83,3427.5862069
1355,74,1355_74,27,11,2203.125
1356,63,1356_63,70,47,3732.0441989
1357,56,1357_56,37,21,2795.3488372
1358,55,1358_55,254,137,2462.7092846
1359,7,1359_7,104,57,2672.7493917
1360,83,1360_83,86,52,3935.6568365
1362,10,1362_10,35,22,5166.6666667
1363,106,1363_106,216,118,4633.7412587
1364,13,1364_13,105,56,3749.2625369
1366,74,1366_74,22,10,3177.4193548
1367,41,1367_41,208,112,3198.5559567
1368,16,1368_16,73,38,3703.4313725
1370,14,1370_14,103,51,2017.873101
1371,84,1371_84,158,83,2036.0429448
1372,4,1372_4,64,24,2831.8181818
1373,28,1373_28,339,184,1974.8055988
1374,93,1374_93,98,57,4092.8961749
1375,56,1375_56,219,122,3164.7597254
1376,4,1376_4,124,68,3741.2677879
1377,23,1377_23,147,77,3718.6732187
1378,19,1378_19,160,88,3240.2173913
1379,41,1379_41,150,84,3948.1268011
1380,17,1380_17,563,302,3310.3202847
1381,51,1381_51,124,77,3994.9811795
1382,63,1382_63,160,103,5308.1155433
1384,58,1384_58,70,36,2344.9781659
1386,93,1386_93,94,55,3966.6666667
1387,9,1387_9,143,72,3043.2172869
1388,46,1388_46,148,76,3007.1794872
1389,42,1389_42,211,143,3719.6122297
1390,58,1390_58,154,90,3352.9411764
1391,26,1391_26,171,92,1822.8498074
1392,102,1392_102,91,47,3468.4873949
1393,63,1393_63,185,106,3653.8762725
1394,21,1394_21,246,111,2920.1846966
1395,21,1395_21,140,74,2573.9210285
1396,27,1396_27,125,74,1999.1525424
1397,9,1397_9,123,67,3378.3102144
1401,13,1401_13,215,113,2974.9023982
1402,51,1402_51,187,113,2976.7947788
1403,53,1403_53,82,42,2612.2177955
1404,1,1404_1,71,43,3781.9314641
1405,21,1405_21,119,62,2845.1380552
1406,34,1406_34,244,115,2862.3529412
1407,14,1407_14,342,172,2969.3140794
1410,58,1410_58,153,75,3160.3773585
1411,40,1411_40,149,86,2714.524207
1412,69,1412_69,48,26,2167.816092
1413,14,1413_14,254,130,2430.480167
1417,1,1417_1,58,33,4414.7465438
1418,93,1418_93,72,38,3211.6182573
1419,86,1419_86,294,154,2859.8409543
1420,74,1420_74,153,70,3011.8406889
1421,50,1421_50,169,100,2680.8059385
1422,17,1422_17,169,79,2869.3849343
1424,100,1424_100,58,35,3228.2051282
1425,8,1425_8,256,146,4025.0626566
1426,16,1426_16,153,80,3700.2262443
1429,86,1429_86,174,84,2008.0053369
1432,42,1432_42,80,54,7277.9661017
1434,13,1434_13,89,38,2413.1016043
1435,71,1435_71,35,28,4177.9661017
1437,14,1437_14,79,34,1819.8090692
1438,65,1438_65,400,206,4515.5058465
1439,11,1439_11,269,149,3101.1293635
1442,4,1442_4,22,13,3374.0458015
1444,88,1444_88,118,71,2708.988764
1445,52,1445_52,306,161,2034.0186916
1446,53,1446_53,316,168,2366.2988116
1448,31,1448_31,163,98,3211.3821139
1449,9,1449_9,93,49,3746.9135803
1450,90,1450_90,234,128,1887.8026071
1451,79,1451_79,114,50,2631.4496314
1452,34,1452_34,201,103,3790.6360424
1458,76,1458_76,87,56,3914.3968872
1459,32,1459_32,318,187,2894.2587209
1460,101,1460_101,189,94,3139.9394856
1462,4,1462_4,116,58,3175.1552795
1464,14,1464_14,23,10,2842.1052632
1466,113,1466_113,154,86,3326.0437376
1468,34,1468_34,27,16,4854.5454545
1469,11,1469_11,360,193,3400.6832601
1470,54,1470_54,160,83,2351.7679057
1471,93,1471_93,23,9,3776
1472,17,1472_17,303,185,3898.7408185
1474,11,1474_11,187,91,2912.8856625
1477,8,1477_8,148,77,3124.5283019
1478,97,1478_97,250,119,3204.7713718
1479,85,1479_85,65,42,5910.2564103
1480,93,1480_93,223,115,4651.2096774
1481,3,1481_3,36,24,2654.028436
1484,41,1484_41,29,13,2532.4675325
1487,106,1487_106,142,88,4593.3926303
1489,8,1489_8,202,92,2550.397878
1490,8,1490_8,28,18,3496.8944099
1491,14,1491_14,147,82,2635.3436185
1492,14,1492_14,413,226,3306.6572238
1493,19,1493_19,28,13,3105.5900621
1497,88,1497_88,261,119,2028.1512605
1500,97,1500_97,179,93,2293.7759336
1501,86,1501_86,141,63,2331.7720531
1502,57,1502_57,185,125,2141.8074945
1504,42,1504_42,292,165,5090.7534247
1506,109,1506_109,212,112,4184.4919786
1507,17,1507_17,111,56,4048.8549618
1508,111,1508_111,281,145,2438.7846291
1509,12,1509_12,149,91,3680.4564907
1510,83,1510_83,38,28,3824.3243243
1511,1,1511_1,24,18,3677.7777778
1512,39,1512_39,78,34,4221.4111922
1513,34,1513_34,350,191,2900.287977
1514,114,1514_114,104,57,2334.2541437
1515,62,1515_62,213,126,4523.6523653
1516,9,1516_9,207,110,3286.4538395
1517,98,1517_98,116,62,3191.6167665
1518,42,1518_42,116,77,4040.1234568
1520,36,1520_36,248,128,2656.587473
1522,48,1522_48,178,93,3128.0310378
1523,105,1523_105,232,104,1660.2694978
1525,13,1525_13,159,72,2348.6842105
1527,86,1527_86,185,97,1966.4179104
1528,53,1528_53,267,125,2309.787627
1529,101,1529_101,88,47,2084.4390832
1531,9,1531_9,350,195,2990.9228442
1532,39,1532_39,378,179,3126.5871489
1533,57,1533_57,109,70,2920.0680272
1535,46,1535_46,72,44,5314.1025641
1536,51,1536_51,261,141,2821.3755566
1537,34,1537_34,93,43,3240.0662252
1538,46,1538_46,127,78,3418.814433
1539,114,1539_114,163,95,2857.3743922
1541,68,1541_68,64,36,3351.4851485
1542,114,1542_114,29,19,4032.6086957
1543,85,1543_85,181,109,3771.0583153
1544,101,1544_101,63,46,4270.4545455
1545,86,1545_86,203,101,2167.0967742
1547,103,1547_103,166,103,3399.8118533
1548,20,1548_20,168,100,2139.7058824
1550,109,1550_109,117,65,2293.5897436
1551,23,1551_23,86,41,3378.6008231
1552,84,1552_84,37,23,2917.2413793
1554,19,1554_19,173,88,2815.5339806
1555,46,1555_46,203,106,3342.6183844
1556,46,1556_46,222,110,2583.7104072
1557,5,1557_5,92,53,2280.4171495
1560,51,1560_51,88,42,2598.7261146
1561,21,1561_21,81,41,1816.1512028
1562,11,1562_11,274,139,2550.7246377
1564,104,1564_104,125,61,2481.9976771
1565,74,1565_74,361,164,3144.5617256
1566,10,1566_10,120,67,3690.9090909
1567,42,1567_42,103,49,3994.6332737
1571,9,1571_9,141,78,3405.5944056
1572,23,1572_23,451,240,3300.3013056
1573,14,1573_14,363,194,2345.7048788
1576,14,1576_14,64,32,2435.0453172
1579,97,1579_97,49,24,2968.2539682
1580,22,1580_22,241,137,4612.6126126
1581,16,1581_16,305,158,2476.0501105
1582,26,1582_26,177,106,2983.7883959
1585,71,1585_71,78,40,2819.2934783
1586,74,1586_74,413,227,3471.0171345
1587,11,1587_11,149,85,2690.0078678
1588,64,1588_64,76,41,3407.2494669
1589,8,1589_8,346,186,3001.3642565
1590,114,1590_114,109,45,2268.4989429
1591,8,1591_8,120,65,2771.4987715
1592,44,1592_44,254,144,3407.3627037
1593,14,1593_14,170,81,2845.8781362
1595,9,1595_9,234,132,4157.2212066
1597,74,1597_74,59,24,2985.3658537
1600,69,1600_69,392,195,3548.828125
1602,98,1602_98,131,82,4013.2625995
1603,22,1603_22,548,299,3340.8375696
1606,30,1606_30,333,176,2587.8284924
1608,62,1608_62,85,49,2635.5311355
1610,46,1610_46,145,89,3994.2594719
1612,74,1612_74,124,69,3471.042471
1613,11,1613_11,156,78,3491.2959381
1614,97,1614_97,162,77,2679.3075021
1615,5,1615_5,120,69,2100.2685766
1616,86,1616_86,94,52,3136.7041199
1617,86,1617_86,97,52,2353.1694696
1618,67,1618_67,290,194,4665
1620,86,1620_86,142,60,1710.9489051
1621,91,1621_91,65,36,2798.1859411
1622,17,1622_17,134,80,2921.1382114
1623,89,1623_89,158,80,3097.5889782
1625,39,1625_39,36,28,9223.2142858
1626,63,1626_63,315,175,5228.2303371
1627,39,1627_39,403,210,3598.3078163
1628,98,1628_98,132,80,3890.8122503
1630,12,1630_12,400,239,3815.5388471
1632,74,1632_74,369,170,2074.3383883
1634,11,1634_11,131,61,2297.5986278
1636,90,1636_90,193,105,2408.9481947
1639,14,1639_14,610,372,2921.6541978
1640,11,1640_11,122,69,4219.9312715
1641,25,1641_25,179,109,3359.223301
1643,17,1643_17,302,190,3899.0411731
1645,106,1645_106,169,96,6385.5109962
1647,19,1647_19,32,20,2877.1186441
1652,8,1652_8,190,131,4112.8364389
1653,74,1653_74,78,35,3530.8370044
1654,1,1654_1,40,31,6037.593985
1655,34,1655_34,175,100,4663.9439907
1656,14,1656_14,15,8,3157.1428572
1657,17,1657_17,304,155,3385.217817
1659,34,1659_34,300,172,3664.6848989
1660,100,1660_100,62,30,2872.983871
1661,76,1661_76,253,147,3429.5168762
1662,39,1662_39,85,48,5721.5909091
1663,21,1663_21,155,86,3274.2268041
1664,1,1664_1,319,184,2740.0101163
1665,93,1665_93,137,83,3479.8534798
1666,106,1666_106,44,23,3258.5669782
1668,11,1668_11,250,159,4161.3394216
1671,14,1671_14,55,28,3581.8584071
1673,106,1673_106,96,64,4972.972973
1674,39,1674_39,194,88,3459.8316756
1677,13,1677_13,183,103,4056.8720379
1678,17,1678_17,226,127,4282.7743903
1679,7,1679_7,43,25,2744.1077441
1681,88,1681_88,235,141,3758.4097859
1682,107,1682_107,56,33,2840.2625821
1683,77,1683_77,393,234,3663.2200886
1684,9,1684_9,212,133,3380.6404658
1685,74,1685_74,115,69,3256.1881188
1687,17,1687_17,277,167,4410.9985528
1689,53,1689_53,20,13,2975.308642
1691,109,1691_109,108,61,4643.8679245
1692,27,1692_27,49,26,2386.4864865
1694,88,1694_88,113,53,3128.7262873
1697,9,1697_9,112,56,2590.7928389
1698,97,1698_97,195,98,2948.2612383
1699,76,1699_76,257,143,3618.1818182
1700,39,1700_39,198,118,5545.4545454
1702,74,1702_74,282,157,3471.7470192
1703,8,1703_8,247,131,3978.388998
1704,14,1704_14,157,74,2833.6162988
1705,36,1705_36,135,55,2201.7467249
1707,74,1707_74,16,11,5835.6164384
1710,11,1710_11,258,151,5375.6218905
1711,14,1711_14,95,49,2149.5633188
1713,11,1713_11,289,176,3364.8433351
1714,39,1714_39,50,24,4016.4473684
1715,22,1715_22,35,28,4859.8130841
1716,34,1716_34,193,90,3484.1713222
1717,104,1717_104,77,58,4629.6296296
1718,34,1718_34,191,116,4337.5565611
1721,101,1721_101,182,87,2384.3226788
1722,17,1722_17,183,104,2923.4177215
1723,75,1723_75,113,70,2916.6666667
1724,27,1724_27,10,7,1831.6831683
1726,65,1726_65,37,22,5106.9518716
1727,82,1727_82,250,155,2929.3655984
1728,9,1728_9,100,58,4831.643002
1729,74,1729_74,357,213,5924.9311294
1730,74,1730_74,69,51,5953.4883721
1731,86,1731_86,83,45,2358.372457
1732,86,1732_86,210,107,2939.6024465
1733,46,1733_46,44,24,4475.9615384
1734,114,1734_114,3,3,16500.0000004
1735,76,1735_76,345,183,3410.7238606
1736,114,1736_114,114,68,4548.0427046
1738,1,1738_1,166,75,3035.7142857
1739,106,1739_106,77,41,4067.2451193
1740,11,1740_11,190,97,2492.0229738
1741,76,1741_76,24,14,3746.1538461
1745,46,1745_46,258,150,2856.4102564
1746,74,1746_74,211,101,3201.9635344
1747,28,1747_28,36,23,3120.6030151
1748,73,1748_73,409,253,3364.2201835
1749,74,1749_74,58,32,3540.1234568
1750,98,1750_98,191,115,3154.9520767
1752,39,1752_39,94,55,4759.6153846
1753,20,1753_20,84,51,2631.4049587
1754,86,1754_86,117,55,2357.948718
1755,56,1755_56,119,83,3431.6546762
1756,21,1756_21,32,18,4196.0784314
1757,69,1757_69,157,99,3363.3540373
1758,17,1758_17,197,121,4445.7831325
1759,25,1759_25,166,87,2369.9261993
1761,1,1761_1,184,113,4696.1602671
1762,106,1762_106,212,127,4362.6373626
1763,1,1763_1,222,118,3881.1995387
1764,11,1764_11,207,125,4714.9372861
1765,93,1765_93,68,41,4550.5952381
1767,69,1767_69,41,25,4149.7584541
1768,98,1768_98,111,59,3506.7466267
1772,46,1772_46,182,117,3481.1898513
1773,76,1773_76,272,161,4502.4711697
1774,74,1774_74,206,144,6018.5185186
1775,51,1775_51,342,198,2825.1345119
1777,98,1777_98,149,106,5824.3902439
1778,9,1778_9,218,140,4318.225651
1779,9,1779_9,26,17,4727.2727273
1781,8,1781_8,169,112,5101.9553073
1783,46,1783_46,349,194,3964.0682095
1784,16,1784_16,196,104,4105
1785,86,1785_86,286,154,2650.2645503
1786,107,1786_107,141,86,2723.5238988
1787,11,1787_11,68,32,2380.3339518
1791,34,1791_34,147,84,4199.0111249
1792,88,1792_88,112,64,3514.8367952
1793,46,1793_46,190,118,4357.3635427
1794,41,1794_41,101,59,3726.1029412
1797,2,1797_2,234,139,3038.329911
1798,26,1798_26,123,73,2114.3122676
1799,25,1799_25,44,25,3341.5384615
1800,31,1800_31,8,6,4216.2162162
1801,11,1801_11,238,129,3033.0578512
1803,21,1803_21,256,124,3056.1056106
1804,8,1804_8,61,33,4215.0170649
1805,9,1805_9,107,61,4484.5173042
1806,28,1806_28,99,70,3864.8148148
1807,16,1807_16,14,5,2338.7096774
1808,11,1808_11,147,82,3525.1461988
1809,53,1809_53,104,56,2217.1290712
1810,34,1810_34,674,407,3204.6340407
1813,34,1813_34,121,78,5456.1403509
1814,39,1814_39,112,70,4487.7650897
1815,11,1815_11,238,124,3093.3926302
1816,76,1816_76,257,140,3519.9501247
1817,94,1817_94,30,24,3777.7777778
1819,56,1819_56,49,32,3817.3913044
1820,8,1820_8,286,166,3132.7868853
1821,14,1821_14,167,72,2004.6697799
1822,39,1822_39,290,161,4238.5752688
1823,10,1823_10,233,149,4992.9906542
1826,21,1826_21,151,75,3012.0087336
1827,74,1827_74,440,234,3571.8862635
1829,11,1829_11,125,72,3576.0197775
1830,1,1830_1,138,84,4365.2694611
1832,39,1832_39,331,197,4871.9590269
1834,2,1834_2,236,140,2704.4854881
1836,114,1836_114,307,185,3688.2530121
1837,1,1837_1,155,78,4063.7522768
1838,11,1838_11,146,72,3783.4793492
1839,34,1839_34,344,209,4160.2655287
1840,81,1840_81,106,69,4161.7100372
1842,8,1842_8,293,162,3275.1599767
1843,53,1843_53,189,89,3375.2
1844,11,1844_11,282,141,2993.6492428
1845,9,1845_9,141,101,4096.9101123
1846,1,1846_1,139,66,3297.0451011
1849,82,1849_82,154,89,2992.8122192
1850,21,1850_21,90,41,3170.556553
1851,40,1851_40,215,125,2954.0229885
1852,1,1852_1,230,126,4040.3489641
1853,106,1853_106,66,36,3831.3539192
1856,109,1856_109,349,217,2906.4070352
1858,93,1858_93,113,67,5548.5961124
1859,21,1859_21,216,122,3531.0834813
1860,39,1860_39,159,87,4156.4310544
1861,82,1861_82,152,87,2676.6467066
1862,13,1862_13,131,80,4175.4966887
1864,17,1864_17,242,154,4175.7142857
1865,14,1865_14,22,14,3635.7615894
1866,97,1866_97,62,37,3636.8286445
1867,106,1867_106,245,138,3743.9393939
1868,106,1868_106,46,32,5899.543379
1869,69,1869_69,175,114,3370.017331
1870,74,1870_74,206,100,3475.66719
1871,86,1871_86,36,22,3020
1873,47,1873_47,62,40,3902.5974026
1876,23,1876_23,266,158,3991.3357401
1877,11,1877_11,88,57,4461.3861386
1878,34,1878_34,201,107,3155.2706553
1879,107,1879_107,317,175,2332.416638
1882,14,1882_14,147,95,4388.4738527
1883,76,1883_76,380,249,5010.62417
1884,62,1884_62,137,87,3014.7058823
1885,8,1885_8,231,116,3315.9108378
1886,39,1886_39,123,70,3944.7761194
1888,38,1888_38,364,216,3454.593453
1890,39,1890_39,38,21,4363.6363636
1891,74,1891_74,189,107,4383.531961
1892,93,1892_93,193,107,4401.5748031
1893,65,1893_65,213,137,5480.8102346
1894,86,1894_86,236,128,2421.4202561
1898,17,1898_17,93,57,3602.962963
1899,13,1899_13,311,160,3304.5305932
1900,8,1900_8,108,86,5757.4257427
1902,41,1902_41,186,110,4408.3832336
1903,14,1903_14,262,153,3211.3095238
1904,57,1904_57,81,49,2820.9523809
1905,14,1905_14,256,157,3306.0046189
1907,98,1907_98,186,98,2921.816828
1908,54,1908_54,194,111,4429.9287411
1909,53,1909_53,89,49,3074.1410488
1911,87,1911_87,21,8,1942.8571429
1913,17,1913_17,57,37,4788.4615385
1914,87,1914_87,186,105,2635.718891
1915,11,1915_11,81,60,4722.513089
1918,65,1918_65,214,126,3147.7411477
1919,109,1919_109,111,84,4152.8301887
1921,57,1921_57,14,10,4460.0000001
1922,11,1922_11,275,179,4734.386757
1924,17,1924_17,130,86,3268.3615819
1927,11,1927_11,315,158,3233.5227273
1928,66,1928_66,138,91,3514.115899
1929,97,1929_97,75,32,3101.2931034
1930,65,1930_65,284,150,3892.5353925
1931,46,1931_46,80,39,3258.7939698
1933,19,1933_19,191,123,4271.3615024
1936,88,1936_88,39,27,3178.2945736
1939,46,1939_46,339,207,3924.1494702
1940,53,1940_53,520,248,2741.8851436
1941,26,1941_26,149,81,1850.0707214
1942,111,1942_111,167,86,2991.6897507
1943,1,1943_1,135,86,3913.0434782
1945,34,1945_34,111,68,4845.0704226
1946,74,1946_74,421,211,3302.6923077
1949,13,1949_13,115,59,3881.1013767
1950,14,1950_14,422,217,2391.8301532
1953,106,1953_106,179,103,4343.3789954
1955,8,1955_8,170,107,2695.504665
1957,11,1957_11,49,27,3256.9444444
1958,114,1958_114,82,48,2874.3455497
1961,39,1961_39,76,52,4587.1559633
1962,15,1962_15,2,1,4545.4545455
1963,107,1963_107,250,146,2564.7619048
1964,86,1964_86,619,324,2837.3966043
1965,17,1965_17,76,48,3156.6666667
1968,18,1968_18,139,76,4449.1525423
1970,34,1970_34,99,66,5546.6179158
1971,17,1971_17,169,91,3911.5044248
1972,106,1972_106,69,46,4270.3349282
1973,74,1973_74,164,95,3753.7922987
1974,66,1974_66,148,95,4084.078712
1976,39,1976_39,166,100,5802.8720627
1977,9,1977_9,173,82,3299.0750257
1978,14,1978_14,315,187,3734.5319936
1979,11,1979_11,131,61,3017.9514255
1984,35,1984_35,190,113,3063.0990415
1985,55,1985_55,186,98,4428.769018
1989,120,1989_120,27,16,3049.1803279
1990,8,1990_8,71,48,4071.641791
1991,17,1991_17,63,39,5010.2040816
1992,25,1992_25,174,94,3387.0352717
1993,20,1993_20,92,54,2347.368421
1994,46,1994_46,35,23,4286.6242038
1995,11,1995_11,214,116,3130.6930693
1996,1,1996_1,245,153,3623.2741617
1997,17,1997_17,37,26,4160.7142857
1998,13,1998_13,42,24,4349.0566038
2000,106,2000_106,414,259,5104.5130641
2001,1,2001_1,116,73,5318.2897863
2002,76,2002_76,200,108,3538.1944444
2006,1,2006_1,118,82,3657.1969697
2007,74,2007_74,85,43,4429.280397
2010,8,2010_8,63,37,4391.6083916
2011,107,2011_107,319,190,3662.1756487
2012,13,2012_13,14,7,3895.3488372
2016,11,2016_11,211,160,5182.9871415
2018,76,2018_76,38,17,3476.4705882
2019,34,2019_34,164,100,4146.2857143
2020,14,2020_14,72,41,2827.0547945
2021,97,2021_97,204,110,4242.6988923
2022,106,2022_106,135,79,4563.9300135
2023,11,2023_11,16,8,3121.2121212
2024,4,2024_4,41,25,3787.5
2025,63,2025_63,133,70,4667.8141136
2026,7,2026_7,164,94,2599.0299111
2027,17,2027_17,153,80,2708.041958
2028,10,2028_10,284,182,7336.9863014
2029,17,2029_17,422,254,4026.4650283
2030,4,2030_4,38,31,4186.9158878
2031,11,2031_11,65,40,3805.6872038
2032,26,2032_26,93,60,2948.8536155
2033,17,2033_17,71,45,5146.1988304
2034,13,2034_13,41,21,2511.627907
2035,74,2035_74,427,218,2792.4133811
2036,74,2036_74,166,113,4744.1860465
2038,44,2038_44,331,191,2645.4041204
2039,8,2039_8,92,54,4494.0828402
2040,109,2040_109,54,27,3664.1509434
2041,39,2041_39,38,27,6201.438849
2042,76,2042_76,171,96,4057.9531443
2043,32,2043_32,64,51,2587.3015873
2044,1,2044_1,161,84,3301.5873016
2045,16,2045_16,22,10,3228.8135593
2046,34,2046_34,59,32,4640.8668731
2047,73,2047_73,92,47,3042.2535211
2050,11,2050_11,261,148,3455.7038835
2052,67,2052_67,234,150,5386.3261944
2053,7,2053_7,128,72,2804.6218487
2054,114,2054_114,70,38,3937.2093023
2055,86,2055_86,143,80,2744.2326981
2057,8,2057_8,155,89,3853.9042822
2059,8,2059_8,109,55,4073.6607143
2062,39,2062_39,55,33,5461.8644068
2063,2,2063_2,155,60,2338.3600377
2065,75,2065_75,56,36,3759.6685083
2066,79,2066_79,60,34,2842.7299703
2067,97,2067_97,250,141,3833.3333333
2071,71,2071_71,138,86,2684.2546064
2074,34,2074_34,89,56,4425.7602862
2075,106,2075_106,126,65,3452.5810324
2076,86,2076_86,243,129,2102.1481806
2077,87,2077_87,58,32,3637.8830084
2078,7,2078_7,175,96,2805.2464229
2079,11,2079_11,138,78,4123.769339
2080,1,2080_1,138,82,3768.0945347
2081,114,2081_114,41,26,4418.699187
2082,98,2082_98,91,53,2839.6501458
2084,87,2084_87,192,108,3134.7569956
2085,9,2085_9,130,67,4780.8219178
2086,46,2086_46,79,43,3378.9954338
2087,17,2087_17,39,20,3669.2015209
2088,1,2088_1,55,34,5228.426396
2089,106,2089_106,110,65,4447.0046083
2090,35,2090_35,115,75,5519.9275363
2091,8,2091_8,186,96,3653.8860104
2092,13,2092_13,371,200,4889.3485005
2093,34,2093_34,58,30,5003.9525692
2094,17,2094_17,26,17,5177.2151899
2095,13,2095_13,208,112,4509.9061522
2096,106,2096_106,110,65,4342.2712934
2097,18,2097_18,230,130,4127.1929825
2099,7,2099_7,163,93,3442.7906977
2103,106,2103_106,109,52,4749.5219885
2104,11,2104_11,70,35,3343.8914027
2107,57,2107_57,14,11,4204.5454545
2111,14,2111_14,330,177,2239.4074074
2112,17,2112_17,178,113,3978.7775891
2113,13,2113_13,233,125,2905.2319842
2115,6,2115_6,235,139,2626.8656716
2116,46,2116_46,258,169,4309.2307693
2119,7,2119_7,103,57,2897.1722365
2120,106,2120_106,182,93,3868.4436801
2122,106,2122_106,109,67,3927.184466
2123,41,2123_41,48,32,6812.4999999
2124,17,2124_17,62,45,5172.7574751
2125,39,2125_39,184,109,4809.908999
2126,65,2126_65,235,142,3035.6265356
2127,11,2127_11,188,99,3554.6737214
2128,1,2128_1,118,65,3438.4057971
2129,11,2129_11,162,79,4027.5590551
2130,106,2130_106,204,111,3909.8300074
2131,106,2131_106,149,91,4695.2380952
2132,64,2132_64,208,98,2985.3658536
2133,36,2133_36,12,9,3257.1428571
2134,11,2134_11,200,105,3045.4878944
2136,1,2136_1,154,92,4874.4493391
2137,10,2137_10,129,75,5946.8822171
2139,39,2139_39,126,81,5683.0985916
2142,93,2142_93,205,104,3646.544182
2143,55,2143_55,201,120,3029.5857988
2144,14,2144_14,150,78,2122.0196353
2145,13,2145_13,129,52,3391.5525114
2146,93,2146_93,41,27,6513.3333332
2147,68,2147_68,87,60,4049.3150684
2148,86,2148_86,250,135,2473.347548
2149,51,2149_51,102,63,3119.1066998
2150,17,2150_17,37,20,3110.2661597
2152,6,2152_6,12,7,2986.8421052
2156,34,2156_34,71,49,3878.7878788
2157,9,2157_9,110,50,3228.6501377
2159,106,2159_106,28,14,3657.1428572
2160,93,2160_93,201,91,3801.4256619
2161,93,2161_93,171,103,3520.2952029
2167,46,2167_46,145,79,3024.0963856
2168,1,2168_1,18,12,3628.8659794
2171,14,2171_14,72,36,3527.2727273
2172,11,2172_11,169,108,4367.5675675
2173,17,2173_17,181,101,3365.1515151
2174,17,2174_17,151,93,4155.2419355
2175,93,2175_93,161,90,4003.5885167
2176,67,2176_67,64,36,4894.4444444
2177,46,2177_46,257,155,3610.3247294
2178,39,2178_39,180,90,3516.4930556
2180,18,2180_18,159,91,3671.4285714
2181,74,2181_74,9,6,4512.1951219
2182,54,2182_54,118,69,5316.0493828
2183,1,2183_1,162,102,5445.3441295
2184,74,2184_74,199,99,3337.3676248
2185,11,2185_11,104,52,2142.8571429
2186,16,2186_16,60,40,3516.1290322
2187,11,2187_11,182,82,2724.2827152
2188,113,2188_113,110,68,3696.6292135
2189,28,2189_28,99,53,3060.5143722
2191,11,2191_11,195,95,2527.3124545
2193,101,2193_101,302,156,2520.714866
2194,20,2194_20,276,172,2998.1084489
2196,74,2196_74,143,66,3447.4226804
2197,13,2197_13,69,40,4360.3818616
2200,107,2200_107,200,112,2424.0654206
2202,1,2202_1,200,136,5190.4761905
2203,41,2203_41,63,37,4546.1538461
2205,48,2205_48,33,27,6553.5714286
2206,71,2206_71,86,54,3200
2207,76,2207_76,120,56,2897.0380818
2208,41,2208_41,181,101,3998.8137604
2209,100,2209_100,14,8,2478.5714286
2210,17,2210_17,438,239,3232.7586207
2211,69,2211_69,176,120,3175.6756757
2212,88,2212_88,151,81,2541.3476264
2213,93,2213_93,108,55,4013.050571
2215,39,2215_39,144,69,2693.2344764
2216,97,2216_97,183,94,2512.8593041
2217,17,2217_17,172,100,4248.5148515
2218,73,2218_73,51,29,3724.4094488
2219,93,2219_93,157,106,5569.9855699
2220,1,2220_1,144,83,3412.517781
2222,74,2222_74,73,42,5517.1339564
2223,6,2223_6,8,6,4416.6666667
2224,9,2224_9,225,128,3892.4050633
2225,46,2225_46,443,278,4748.434238
2228,76,2228_76,148,106,4258.790436
2231,36,2231_36,110,66,3661.8705036
2232,9,2232_9,15,5,3500
2233,10,2233_10,77,58,6257.1428571
2234,107,2234_107,29,9,1756.5543071
2236,17,2236_17,162,102,3851.2396694
2237,98,2237_98,169,87,2712.5890736
2238,10,2238_10,257,159,5717.4163784
2239,52,2239_52,129,80,3626.2626263
2240,62,2240_62,98,54,2910.4234528
2241,46,2241_46,120,85,4807.8431372
2242,73,2242_73,180,85,2748.8106565
2243,106,2243_106,88,52,4664.8936171
2244,74,2244_74,85,39,3182.3104693
2245,70,2245_70,38,22,3730.7692308
2246,106,2246_106,97,48,3511.5273775
2247,17,2247_17,286,175,4890.0732844
2248,39,2248_39,227,123,4591.2408759
2249,106,2249_106,155,97,4915.4589372
2250,11,2250_11,156,80,3104.1860465
2251,14,2251_14,164,85,2355.6034483
2252,86,2252_86,128,68,2769.8924731
2254,17,2254_17,129,74,3221.0526316
2255,9,2255_9,49,26,3569.0789473
2259,59,2259_59,22,18,2783.7837838
2262,46,2262_46,151,89,4766.566265
2263,70,2263_70,154,97,3132.1548821
2265,101,2265_101,184,109,2565.9806295
2266,76,2266_76,71,52,4853.4201954
2270,88,2270_88,185,99,2429.6499657
2271,17,2271_17,89,54,4320.6412826
2274,17,2274_17,373,204,3299.8442368
2276,7,2276_7,91,64,3065.8978583
2279,17,2279_17,194,115,4123.6777868
2280,76,2280_76,24,16,4009.0909091
2281,93,2281_93,281,161,4626.8328446
2282,95,2282_95,10,9,6702.7027027
2283,13,2283_13,201,121,6567.0650731
2284,39,2284_39,145,69,4343.8735178
2287,57,2287_57,12,7,4000
2288,70,2288_70,82,63,6067.0926518
2289,44,2289_44,143,84,3705.5057619
2290,86,2290_86,143,63,1720.2492212
2292,100,2292_100,40,17,2384.6153846
2293,7,2293_7,233,121,2973.2685298
2294,53,2294_53,83,50,2377.8877888
2295,106,2295_106,192,110,4402.9712163
2296,91,2296_91,38,33,3478.9272031
2297,106,2297_106,203,117,4010.9375
2298,70,2298_70,40,21,4120
2299,73,2299_73,43,26,4178.2178218
2300,88,2300_88,12,10,3204.3010753
2303,39,2303_39,176,93,3899.4464945
2304,1,2304_1,103,57,3144.0501044
2305,97,2305_97,23,14,2252.8735632
2306,21,2306_21,67,41,3331.25
2307,107,2307_107,48,21,2958.4664537
2308,34,2308_34,94,48,3413.2492113
2309,13,2309_13,144,65,2601.7777778
2310,7,2310_7,114,62,2544.8275862
2314,114,2314_114,7,5,4116.2790697
2317,63,2317_63,41,24,4465.5172413
2318,11,2318_11,24,17,4050.7246377
2319,2,2319_2,137,67,2195.7186544
2320,97,2320_97,43,27,3028.7539936
2321,39,2321_39,306,151,4351.8276762
2322,70,2322_70,77,48,4450.1424502
2323,35,2323_35,198,115,3974.2857143
2325,21,2325_21,97,56,3875.7170172
2327,106,2327_106,149,100,5887.1201158
2328,8,2328_8,209,153,5213.3645956
2329,50,2329_50,68,32,2486.5771812
2332,76,2332_76,118,75,4181.0699589
2333,15,2333_15,36,24,3314.4104804
2334,25,2334_25,34,22,3560.7476635
2335,58,2335_58,41,26,3732.9842932
2337,39,2337_39,128,72,4030.0136426
2338,1,2338_1,35,20,4704.0816326
2339,86,2339_86,231,142,2644.5714286
2341,17,2341_17,467,284,3448.2758621
2342,7,2342_7,93,61,3587.4769798
2343,46,2343_46,69,38,3280.5970149
2344,9,2344_9,244,134,3852.494577
2345,51,2345_51,174,102,2840.7079646
2346,93,2346_93,227,113,3815.6862745
2347,19,2347_19,448,274,3420.472441
2349,74,2349_74,143,91,5520.2108963
2350,82,2350_82,117,55,2774.4360902
2351,17,2351_17,43,29,4651.1627907
2352,84,2352_84,64,25,1881.8897638
2354,74,2354_74,215,135,4150.6734006
2355,11,2355_11,212,91,2784.9686848
2356,100,2356_100,16,7,2857.1428571
2357,34,2357_34,162,86,3906.7460318
2358,39,2358_39,166,80,4531.5729047
2359,2,2359_2,53,34,2714.6739131
2360,7,2360_7,99,55,2266.579974
2361,100,2361_100,207,113,2847.051199
2362,17,2362_17,44,28,2948.9489489
2363,109,2363_109,168,95,3106.0773481
2364,8,2364_8,31,25,4580.6451613
2365,93,2365_93,188,95,2707.0234114
2366,107,2366_107,44,26,3282.4675325
2367,86,2367_86,177,91,3276.8199233
2368,76,2368_76,221,127,3213.592233
2370,14,2370_14,193,82,2730.7963354
2371,107,2371_107,94,44,2810.2493075
2372,21,2372_21,76,37,2996.2406015
2373,59,2373_59,110,76,2807.2976055
2376,1,2376_1,88,43,5553.6723163
2379,7,2379_7,310,163,3120.7386364
2380,21,2380_21,133,65,2943.1171786
2381,69,2381_69,96,60,3691.9014084
2382,9,2382_9,166,82,3392.5027563
2383,104,2383_104,97,46,3092.0245399
2384,9,2384_9,195,109,3799.4376757
2385,8,2385_8,207,103,3836.0655738
2387,15,2387_15,109,60,3947.4708171
2388,86,2388_86,125,63,2973.6238532
2389,9,2389_9,232,119,4745.9677419
2390,93,2390_93,23,15,5128
2391,14,2391_14,25,19,3806.4516129
2394,33,2394_33,158,100,2981.595092
2395,95,2395_95,52,35,6232.9545455
2396,8,2396_8,55,30,4246.6216216
2397,57,2397_57,15,9,2602.739726
2398,8,2398_8,52,41,6363.6363636
2400,67,2400_67,36,21,4742.3312883
2401,30,2401_30,88,54,1846.8834688
2402,39,2402_39,21,18,6039.0625
2403,86,2403_86,68,24,2094.9612403
2406,9,2406_9,24,14,4170.0680272
2407,16,2407_16,58,35,4350
2410,39,2410_39,69,49,5606.557377
2411,110,2411_110,232,125,3303.1182016
2412,46,2412_46,33,20,4145.4545455
2414,93,2414_93,232,116,3482.8973843
2415,57,2415_57,146,92,2669.2477876
2416,95,2416_95,65,47,4452.5316456
2417,78,2417_78,51,25,3376.1755486
2418,114,2418_114,37,21,4449.3927125
2419,88,2419_88,133,79,2978.9356985
2420,39,2420_39,176,99,4005.7636887
2422,23,2422_23,37,24,3919.2825112
2423,93,2423_93,73,36,3673.4177215
2425,97,2425_97,78,46,4603.2171581
2428,52,2428_52,60,48,4460.8433735
2430,34,2430_34,157,94,4228.6023836
2431,70,2431_70,117,72,4715.0170648
2433,46,2433_46,228,114,4295.7906712
2434,8,2434_8,162,80,3152.9656608
2436,41,2436_41,52,38,5097.7777778
2437,106,2437_106,226,132,6060.2526725
2438,74,2438_74,160,85,2892.3766816
2439,75,2439_75,83,51,3970.8029197
2440,17,2440_17,259,162,3927.0620313
2441,11,2441_11,27,20,3603.6585366
2442,62,2442_62,180,111,3568.0672269
2444,34,2444_34,199,119,4255.7673019
2446,108,2446_108,129,81,3030.7503075
2448,93,2448_93,103,61,3433.3843798
2450,39,2450_39,100,59,4400
2451,34,2451_34,23,9,3513.5135135
2452,73,2452_73,126,86,4346.0207612
2453,13,2453_13,118,67,3732.9729729
2454,100,2454_100,20,10,2701.5706806
2455,21,2455_21,146,83,3754.9889135
2456,69,2456_69,93,50,3059.2823713
2458,39,2458_39,220,109,3932.3181049
2459,11,2459_11,122,62,3853.2883642
2460,17,2460_17,162,94,4052.7918782
2463,41,2463_41,89,46,3226.4150943
2465,6,2465_6,146,102,2367.5847457
2466,25,2466_25,78,46,2922.6519337
2467,17,2467_17,175,125,4872.706422
2469,8,2469_8,90,51,4103.3707866
2470,32,2470_32,97,74,4278.7193974
2471,93,2471_93,226,145,4790.7407407
2472,106,2472_106,303,152,3201.4251781
2473,107,2473_107,103,60,2857.6271186
2475,94,2475_94,13,3,1608.1081081
2477,53,2477_53,9,6,2780.8219178
2479,106,2479_106,151,78,4519.1815857
2481,34,2481_34,267,138,3260.6166376
2482,44,2482_44,206,111,3976.9585253
2484,109,2484_109,94,68,2600.7005254
2485,8,2485_8,19,13,6200
2486,34,2486_34,181,92,4739.3483709
2487,8,2487_8,82,46,4168.8311689
2488,72,2488_72,135,81,5950.3676471
2490,17,2490_17,253,145,3940.9792086
2491,17,2491_17,46,25,3611.8881119
2493,11,2493_11,242,128,2843.292683
2494,46,2494_46,237,163,4842.2370617
2495,41,2495_41,56,28,3578.3972125
2496,8,2496_8,95,63,4225.1655629
2497,7,2497_7,163,89,2245.3669385
2498,109,2498_109,57,34,3175.7188498
2500,46,2500_46,290,146,2875.6724447
2501,48,2501_48,53,42,5116.1616162
2502,8,2502_8,40,28,4308.2191781
2508,39,2508_39,243,124,3607.4576271
2509,82,2509_82,55,40,3064.8148148
2511,69,2511_69,327,191,2776.9265435
2512,104,2512_104,57,31,2627.7173913
2513,34,2513_34,110,51,3800.5502063
2514,44,2514_44,419,238,3659.4059406
2516,76,2516_76,64,49,4673.6526946
2518,17,2518_17,230,132,3773.6263736
2519,9,2519_9,276,155,4296.8277945
2521,9,2521_9,123,66,3770.6422019
2522,95,2522_95,160,99,4036.9913687
2523,9,2523_9,63,43,5530.3514377
2524,44,2524_44,86,46,4025.2293578
2525,11,2525_11,309,158,2961.5548911
2526,8,2526_8,215,104,3530.1318268
2528,100,2528_100,126,59,2458.5987261
2529,14,2529_14,212,93,2738.8704319
2530,73,2530_73,80,41,2457.2864322
2531,4,2531_4,160,100,4262.7986348
2533,11,2533_11,127,73,3127.3209549
2534,93,2534_93,194,96,3486.7330016
2535,46,2535_46,67,47,4296.0725075
2539,74,2539_74,126,65,4107.5110457
2540,114,2540_114,38,24,3294.8207171
2541,48,2541_48,115,68,3196.5134707
2542,39,2542_39,98,53,4065.3357532
2544,17,2544_17,180,115,5239.4043528
2545,82,2545_82,79,47,3164.3835616
2546,25,2546_25,28,15,3271.8446602
2547,66,2547_66,96,62,3081.4393939
2548,44,2548_44,69,41,4551.4950166
2549,11,2549_11,130,73,3051.1982571
2551,106,2551_106,152,94,4649.7695853
2553,11,2553_11,119,61,3071.8232044
2555,74,2555_74,110,61,3812.0915033
2556,7,2556_7,127,65,3180.4697157
2557,93,2557_93,55,31,3934.2857143
2558,39,2558_39,62,40,5785.0162867
2559,98,2559_98,35,14,2564.8535565
2561,21,2561_21,118,57,3600.8645533
2562,25,2562_25,63,36,2295.4545455
2563,76,2563_76,165,93,3572.5900116
2565,38,2565_38,172,105,4107.1849235
2567,106,2567_106,34,22,4995.3917051
2570,104,2570_104,35,22,3633.7448559
2571,19,2571_19,208,122,2934.6522782
2572,109,2572_109,155,103,3044.6304045
2573,91,2573_91,55,40,3096
2574,34,2574_34,152,96,3008.0192462
2578,107,2578_107,46,27,3692.3076923
2579,9,2579_9,18,11,3919.6428572
2580,82,2580_82,233,145,3012.1479846
2581,17,2581_17,114,76,5018.8679245
2582,17,2582_17,386,215,3243.8583815
2583,93,2583_93,84,43,3771.6701902
2584,95,2584_95,16,6,2720.9302326
2585,70,2585_70,178,112,4869.9861688
2586,1,2586_1,165,96,3581.7174515
2588,17,2588_17,146,81,4192.8020565
2589,46,2589_46,112,69,5470.5882353
2590,8,2590_8,108,74,6326.8156425
2591,76,2591_76,317,195,3851.9230769
2592,1,2592_1,143,82,3875.2025932
2594,17,2594_17,208,116,4274.5936698
2596,41,2596_41,147,102,4593.75
2597,51,2597_51,52,33,3083.3333333
2598,39,2598_39,71,33,4197.8021978
2599,63,2599_63,162,92,5671.3178295
2601,93,2601_93,53,26,4163.5687732
2602,74,2602_74,162,81,3091.3978495
2603,9,2603_9,186,121,4899.6617813
2604,10,2604_10,323,183,5934.8290599
2608,8,2608_8,227,140,4240.2464065
2611,51,2611_51,1,0,1538.4615385
2612,106,2612_106,204,117,4231.5521628
2613,9,2613_9,217,130,4120.777027
2614,1,2614_1,100,56,3437.6657825
2615,93,2615_93,148,96,3938.3783784
2618,11,2618_11,425,237,3508.7576375
2619,21,2619_21,18,15,4428.5714286
2622,102,2622_102,260,188,3206.485771
2623,74,2623_74,58,34,4086.1538461
2624,1,2624_1,191,96,3842.1052632
2625,1,2625_1,39,19,4278.1954887
2627,61,2627_61,26,14,5728.5714286
2629,104,2629_104,81,51,3393.8848921
2631,22,2631_22,28,17,4973.1543624
2632,7,2632_7,150,88,3466.0734149
2633,88,2633_88,101,50,2602.5974026
2636,17,2636_17,170,107,4242.4892704
2637,106,2637_106,356,218,3935.1630867
2638,76,2638_76,95,59,3880.3611739
2641,62,2641_62,61,40,3879.8955614
2642,69,2642_69,139,67,3953.0434782
2643,62,2643_62,108,61,2011.002445
2644,32,2644_32,17,9,3122.4489796
2646,74,2646_74,213,106,2988.2352941
2648,1,2648_1,165,82,3498.4326019
2650,11,2650_11,96,48,2764.8725212
2651,18,2651_18,153,96,4566.9565218
2653,86,2653_86,211,114,2262.8603731
2654,93,2654_93,114,53,3603.4214619
2655,106,2655_106,218,120,4573.9983647
2657,17,2657_17,89,58,4500
2658,106,2658_106,52,42,7581.0055866
2659,80,2659_80,117,66,3568.75
2660,32,2660_32,136,83,3959.6678529
2661,106,2661_106,104,60,5085.8208955
2664,86,2664_86,50,30,2948.4848485
2665,1,2665_1,105,60,3488.7983707
2666,76,2666_76,37,18,3073.5930736
2667,41,2667_41,163,88,2774.0336967
2668,7,2668_7,55,29,3042.7807487
2669,8,2669_8,69,38,4342.948718
2670,1,2670_1,272,156,3500.4262575
2671,11,2671_11,130,67,3132.4354657
2675,10,2675_10,32,18,5250
2678,93,2678_93,230,126,3665.9807956
2679,90,2679_90,124,92,3079.8858773
2680,10,2680_10,47,28,6929.5774649
2681,46,2681_46,353,197,3466.913711
2684,67,2684_67,80,66,6928.5714286
2685,17,2685_17,96,64,4603.6363636
2687,46,2687_46,412,215,3600.9779951
2688,8,2688_8,216,123,4171.7724289
2689,76,2689_76,244,146,3400.9465855
2691,86,2691_86,188,103,3035.0448248
2692,67,2692_67,276,159,5293.3238636
2693,48,2693_48,96,64,4486.8421053
2694,83,2694_83,69,48,5028.9256198
2696,9,2696_9,35,19,4103.030303
2697,8,2697_8,159,88,4676.5163298
2698,34,2698_34,136,78,4127.4638633
2699,104,2699_104,141,86,2440.7345576
2701,25,2701_25,198,107,2967.4850697
2703,8,2703_8,235,159,6625.5201109
2704,17,2704_17,30,16,3545.4545455
2705,8,2705_8,155,89,3563.7755102
2709,17,2709_17,168,100,3515.4639175
2710,8,2710_8,398,207,3710.2241662
2712,11,2712_11,354,183,3298.8223749
2713,80,2713_80,147,71,2420.6128134
2715,2,2715_2,113,76,3590.1639344
2716,55,2716_55,114,86,5451.9427403
2717,1,2717_1,76,43,5959.5959596
2718,93,2718_93,258,142,4064.1993958
2720,21,2720_21,223,112,3573.8115096
2722,9,2722_9,30,15,3017.4672489
2723,74,2723_74,148,75,2796.2413452
2724,18,2724_18,46,30,4726.8041237
2725,39,2725_39,35,26,5471.6981131
2726,93,2726_93,119,54,3220.6451613
2727,65,2727_65,164,104,4213.1147541
2728,106,2728_106,289,152,4251.7799352
2729,34,2729_34,336,201,3202.7917798
2731,46,2731_46,78,52,4225.5192879
2732,32,2732_32,61,40,3718.2044888
2733,86,2733_86,107,52,2320.1970444
2735,54,2735_54,38,24,3839.0243902
2736,21,2736_21,122,71,3404.1958042
2737,4,2737_4,32,19,4211.7647059
2738,1,2738_1,206,123,3983.7037038
2740,28,2740_28,209,117,3007.1479628
2742,106,2742_106,228,152,6382.9365079
2743,16,2743_16,170,102,3555.1257253
2744,93,2744_93,89,61,4649.6674058
2746,74,2746_74,34,22,5895.6521739
2747,10,2747_10,265,141,3203.8900067
2749,74,2749_74,31,21,4477.9411765
2750,41,2750_41,143,83,3510.6635071
2753,107,2753_107,272,147,2680.0904978
2755,51,2755_51,26,14,2982.7586207
2756,51,2756_51,37,25,5058.5365854
2757,88,2757_88,345,217,3324.8259861
2758,17,2758_17,117,78,4113.8545953
2759,41,2759_41,269,151,4051.9373454
2761,101,2761_101,239,140,2955.3975436
2762,63,2762_63,133,75,3725.8064516
2763,104,2763_104,168,101,2776.867031
2764,17,2764_17,225,110,3663.8830898
2765,46,2765_46,213,145,4231.8692543
2766,11,2766_11,140,68,2923.245614
2767,30,2767_30,194,135,2416.8026101
2768,106,2768_106,230,126,5323.2799245
2769,97,2769_97,139,66,3605.5900621
2770,114,2770_114,83,44,3799.591002
2771,51,2771_51,104,58,3052.2193211
2772,87,2772_87,13,6,2456.7901234
2775,41,2775_41,120,74,4704.2513863
2778,100,2778_100,200,106,2876.4115433
2779,51,2779_51,196,104,2500.9276438
2780,74,2780_74,24,22,7022.4719102
2781,9,2781_9,67,43,6442.1487603
2782,9,2782_9,28,17,4171.875
2783,11,2783_11,203,163,4380.4347826
2784,67,2784_67,96,65,4792.9824561
2785,39,2785_39,256,136,3760.5905006
2787,91,2787_91,129,89,3415.942029
2789,84,2789_84,32,18,2841.8367347
2790,18,2790_18,146,90,4045.3296703
2791,88,2791_88,213,127,3114.7416413
2792,13,2792_13,34,22,4793.4782609
2793,23,2793_23,23,10,2421.9653179
2795,21,2795_21,169,92,2876.6666666
2796,36,2796_36,90,54,3877.4193548
2797,14,2797_14,89,41,2247.5845411
2799,35,2799_35,89,51,4869.3877551
2800,76,2800_76,53,36,3500
2801,28,2801_28,180,110,3396.4716806
2803,39,2803_39,316,175,4917.0149254
2805,80,2805_80,172,108,4210.5263157
2806,11,2806_11,230,115,3490.0953779
2808,5,2808_5,225,137,1885.9209794
2809,17,2809_17,265,151,3137.3346897
2810,80,2810_80,174,90,2522.0264317
2813,28,2813_28,203,119,2914.84375
2815,13,2815_13,325,173,4819.1281718
2816,106,2816_106,16,12,6305.5555556
2817,10,2817_10,215,115,4096.8660969
2820,16,2820_16,39,25,1769.0140845
2821,55,2821_55,137,82,5281.6901408
2822,14,2822_14,207,111,2471.5492958
2823,11,2823_11,275,150,3178.1285231
2824,93,2824_93,267,145,4261.8849041
2826,39,2826_39,242,155,6399.9999999
2827,74,2827_74,289,144,3156.3535911
2828,27,2828_27,128,72,2066.2055336
2830,1,2830_1,355,169,3008.3067093
2832,90,2832_90,74,40,2956.7430026
2833,107,2833_107,30,23,3923.0769231
2834,10,2834_10,58,29,5018.1818182
2835,101,2835_101,65,39,3601.5424165
2837,26,2837_26,122,57,2089.2531876
2838,22,2838_22,170,117,5907.6023392
2839,51,2839_51,139,77,3601.494396
2841,39,2841_39,30,19,4556.2913908
2842,88,2842_88,137,64,2599.0675991
2845,17,2845_17,62,43,5127.0718232
2847,113,2847_113,137,91,5494.5736434
2852,70,2852_70,91,49,3929.5238096
2853,86,2853_86,113,57,2487.6615746
2854,16,2854_16,132,55,3406.7388688
2856,14,2856_14,93,39,1498.3361065
2857,106,2857_106,260,142,4547.1947195
2858,25,2858_25,48,28,3791.8215613
2859,86,2859_86,84,33,2899.7821351
2860,86,2860_86,170,98,3028.4191829
2861,53,2861_53,204,96,2349.4962217
2863,11,2863_11,87,56,3425.1386322
2864,38,2864_38,42,24,2467.9245283
2866,106,2866_106,104,72,6289.8230088
2867,25,2867_25,47,35,3856.6878981
2869,8,2869_8,125,73,4785.9922179
2871,9,2871_9,73,33,4399.4169096
2873,39,2873_39,22,12,5674.6987952
2875,11,2875_11,163,94,3327.3092369
2877,114,2877_114,88,70,6034.9075975
2883,39,2883_39,232,131,4476.5432099
2884,17,2884_17,121,62,3230.1587302
2885,62,2885_62,148,85,2949.5548961
2890,14,2890_14,268,124,2176.641729
2891,106,2891_106,249,146,3845.3473132
2892,35,2892_35,16,12,3087.3786408
2894,25,2894_25,159,96,3320.2676864
2895,39,2895_39,28,17,4584.5070423
2896,17,2896_17,165,93,3968.2051282
2897,102,2897_102,206,122,3190.6028369
2898,14,2898_14,86,55,2510.5263158
2899,80,2899_80,34,19,3789.9159664
2901,9,2901_9,107,58,4035.7723577
2902,1,2902_1,324,182,3744.7470817
2904,27,2904_27,27,16,2415
2905,93,2905_93,101,52,3911.7647059
2907,93,2907_93,144,99,4625.698324
2908,26,2908_26,124,66,1787.9341865
2910,8,2910_8,197,100,2635.3297953
2914,70,2914_70,265,151,3582.9216655
2915,62,2915_62,138,97,3560.7344633
2916,41,2916_41,22,15,5127.9069767
2918,17,2918_17,110,63,2740.3433476
2919,47,2919_47,133,77,2888.2113821
2920,107,2920_107,144,88,3374.566474
2924,76,2924_76,132,84,5288.6029412
2925,114,2925_114,54,26,2721.9512195
2926,13,2926_13,132,73,3787.913341
2927,86,2927_86,56,25,2741.8655098
2928,34,2928_34,136,75,4277.0618557
2929,86,2929_86,129,74,3243.9903846
2930,10,2930_10,67,49,6614.2131979
2937,17,2937_17,181,126,4822.49742
2938,46,2938_46,211,119,3924.4532803
2940,9,2940_9,342,199,4277.1653543
2941,53,2941_53,182,118,3236.7236724
2942,93,2942_93,104,60,3968.503937
2943,42,2943_42,238,136,4777.3237997
2944,7,2944_7,142,75,2883.3490122
2945,65,2945_65,178,90,3106.7323481
2946,41,2946_41,145,81,3979.4721407
2947,46,2947_46,49,33,5115.2263374
2948,76,2948_76,51,32,3250.755287
2949,25,2949_25,102,57,3044.4444444
2952,97,2952_97,113,57,2551.3784461
2953,76,2953_76,203,127,4665.9192825
2956,39,2956_39,204,121,5408.6146683
2957,70,2957_70,18,10,3864.4067796
2958,18,2958_18,58,41,4468.8644689
2959,97,2959_97,38,20,3602.3622047
2960,39,2960_39,296,176,4529.8558682
2962,1,2962_1,53,33,4318.1818182
2964,1,2964_1,104,50,2948.5596708
2967,91,2967_91,206,159,5556.8065507
2968,17,2968_17,126,64,4016.1812298
2969,40,2969_40,310,199,2752.9738303
2971,9,2971_9,229,139,3828.7724785
2972,106,2972_106,245,141,4326.7687819
2973,44,2973_44,50,34,4892.9889299
2976,17,2976_17,177,105,4941.4951246
2977,53,2977_53,233,125,3257.1976968
2978,106,2978_106,223,132,4854.6938776
2982,11,2982_11,399,220,2592.1337875
2984,21,2984_21,120,53,1925.498426
2986,76,2986_76,21,14,4250
2989,27,2989_27,28,20,2368.8888889
2990,9,2990_9,260,132,3540.9226191
2991,33,2991_33,171,118,3933.4221039
2992,98,2992_98,135,78,3351.1530398
